Method,Name,Error,Occurrences
POST,/api/v1/cab/1f22de86-c4ac-4d93-89a8-69a8c40a1edf/reject/,CatchResponseError('Failed to reject: 429'),1
POST,/api/v1/cab/1d9c43e3-6cf9-453e-b4a6-8894955dc83d/reject/,CatchResponseError('Failed to reject: 429'),1
POST,/api/v1/cab/b129e50f-3ade-4aa7-9e67-43be19f3246e/reject/,CatchResponseError('Failed to reject: 429'),1
POST,/api/v1/cab/740475dd-4e06-47d9-a3be-5236735a15f4/reject/,CatchResponseError('Failed to reject: 429'),1
POST,/api/v1/cab/9ce83277-275b-4677-a4e1-4cdbffa5500b/reject/,CatchResponseError('Failed to reject: 429'),1
POST,/api/v1/cab/a477c75e-9142-415b-bed1-fbd4e99859c4/reject/,CatchResponseError('Failed to reject: 429'),1
POST,/api/v1/cab/3af541be-85c4-43f9-81d7-c559bb1a0634/reject/,CatchResponseError('Failed to reject: 429'),1
POST,/api/v1/cab/8de0630b-b07e-41c8-b19f-c1e594a4c7a7/reject/,CatchResponseError('Failed to reject: 429'),1
POST,/api/v1/cab/54826cca-8e83-4d61-b609-0c9f8f79a327/reject/,CatchResponseError('Failed to reject: 429'),1
POST,/api/v1/cab/a3c881f6-1f84-4e8b-96a6-501fad79ac20/reject/,CatchResponseError('Failed to reject: 429'),1
POST,/api/v1/cab/720c16b3-81e8-497a-9545-e44e3329cc15/reject/,CatchResponseError('Failed to reject: 429'),1
POST,/api/v1/cab/7d28aa22-006f-4615-933b-c74d76fc5d11/reject/,CatchResponseError('Failed to reject: 429'),1
POST,/api/v1/cab/359568bc-8e54-466e-86a8-1f3c2dab8110/reject/,CatchResponseError('Failed to reject: 429'),1
POST,/api/v1/cab/80d06279-17ff-4a6c-82d3-6e151184096e/reject/,CatchResponseError('Failed to reject: 429'),1
POST,/api/v1/cab/86d9b5cc-3933-4015-97f2-b15204773949/reject/,CatchResponseError('Failed to reject: 429'),1
POST,/api/v1/cab/7422c61b-efef-471e-919c-aa06a453c8d2/reject/,CatchResponseError('Failed to reject: 429'),1
POST,/api/v1/cab/f8da0244-c7a8-484c-b42d-8d3fff1a1858/reject/,CatchResponseError('Failed to reject: 429'),1
POST,/api/v1/cab/6e225ab1-ecae-48da-9775-05c005af3ca7/reject/,CatchResponseError('Failed to reject: 429'),1
POST,/api/v1/cab/349bb9cf-1154-43c1-be76-da8fcfa0a7f2/reject/,CatchResponseError('Failed to reject: 429'),1
POST,/api/v1/cab/80bff02a-f4a3-4d0d-a574-07a6b0a60dcb/reject/,CatchResponseError('Failed to reject: 429'),1
POST,/api/v1/cab/27c23571-853c-44a2-bd39-1eebf389b729/reject/,CatchResponseError('Failed to reject: 429'),1
POST,/api/v1/cab/d0185fe5-6440-4864-b866-4a41740fb845/reject/,CatchResponseError('Failed to reject: 429'),1
POST,/api/v1/cab/ca7df591-6c20-4aba-89ef-2a49fb0175a8/reject/,CatchResponseError('Failed to reject: 429'),1
POST,/api/v1/cab/e7971d56-27b6-412f-a599-8033a5780513/reject/,CatchResponseError('Failed to reject: 429'),1
POST,/api/v1/cab/09b8b41c-6ffc-450c-b830-9ec32f869adc/reject/,CatchResponseError('Failed to reject: 429'),1
POST,/api/v1/cab/80f3afff-9aed-40bd-aebd-2a69839a0eb6/reject/,CatchResponseError('Failed to reject: 429'),1
POST,/api/v1/cab/498b4929-baad-480f-bc82-45b669772da4/reject/,CatchResponseError('Failed to reject: 429'),1
POST,/api/v1/cab/a8675230-8544-44f3-a9df-c3a6917d2f07/reject/,CatchResponseError('Failed to reject: 429'),1
POST,/api/v1/cab/0765539b-7118-4bbc-bcbf-c1db22eaeace/reject/,CatchResponseError('Failed to reject: 429'),1
POST,/api/v1/cab/8cc1b5f9-258e-4c2c-ba1e-bf8e5cd03d8f/reject/,CatchResponseError('Failed to reject: 429'),1
POST,/api/v1/cab/66ca7d55-4ba9-4293-add4-50e173cface4/reject/,CatchResponseError('Failed to reject: 429'),1
POST,/api/v1/cab/f3d1bdf7-4559-4391-8d52-98b32f702025/reject/,CatchResponseError('Failed to reject: 429'),1
POST,/api/v1/cab/6406dcf9-60ca-4b65-987c-c07b173196d4/reject/,CatchResponseError('Failed to reject: 429'),1
POST,/api/v1/cab/75c025a2-cacb-4073-b2f0-3fcceab7016c/reject/,CatchResponseError('Failed to reject: 429'),1
POST,/api/v1/cab/43083147-8089-4c3c-b3ad-98f901c5fefe/reject/,CatchResponseError('Failed to reject: 429'),1
POST,/api/v1/cab/2f50ebac-1395-4724-b8f5-dc28b83a8e94/reject/,CatchResponseError('Failed to reject: 429'),1
POST,/api/v1/cab/8a411ba1-10f7-4bb3-b1e6-261caa3ca0ec/reject/,CatchResponseError('Failed to reject: 429'),1
POST,/api/v1/cab/4c2f3aee-32e7-49d5-880f-f87fdb03d0b8/reject/,CatchResponseError('Failed to reject: 429'),1
POST,/api/v1/cab/44031212-98ab-4057-aa66-dc3a6dea72ae/reject/,CatchResponseError('Failed to reject: 429'),1
POST,/api/v1/cab/6f934a26-fbb8-4728-bacc-cc33eb7c100c/reject/,CatchResponseError('Failed to reject: 429'),1
POST,/api/v1/cab/9b07ced4-9858-4726-9d70-6119c0ecc384/reject/,CatchResponseError('Failed to reject: 429'),1
POST,/api/v1/cab/e5611654-b3fa-4e6e-96c2-85de58ef97b8/reject/,CatchResponseError('Failed to reject: 429'),1
POST,/api/v1/cab/8f7b18eb-84f4-46b7-ae68-42e2ac469080/reject/,CatchResponseError('Failed to reject: 429'),1
POST,/api/v1/cab/fec2ee12-9565-4ed0-986b-b21354d770d0/reject/,CatchResponseError('Failed to reject: 429'),1
POST,/api/v1/cab/03b11a7f-a775-4b2c-9045-85215564ccf4/reject/,CatchResponseError('Failed to reject: 429'),1
POST,/api/v1/cab/f3bff08e-1377-45c4-8438-fe09bc7a400f/reject/,CatchResponseError('Failed to reject: 429'),1
POST,/api/v1/cab/f52f88d8-0590-4e1c-95f6-149c7210d89e/reject/,CatchResponseError('Failed to reject: 429'),1
POST,/api/v1/cab/63b45878-59a4-46bf-b8b9-3e3b5aeba739/reject/,CatchResponseError('Failed to reject: 429'),1
POST,/api/v1/cab/f8cf5c35-885d-40b0-ba0f-b5ad4f5d2674/reject/,CatchResponseError('Failed to reject: 429'),1
POST,/api/v1/cab/272dc1b8-eac2-4969-9c25-353f68f89d39/reject/,CatchResponseError('Failed to reject: 429'),1
POST,/api/v1/cab/1d451703-fc84-4feb-bdb4-415de93aa2ec/reject/,CatchResponseError('Failed to reject: 429'),1
POST,/api/v1/cab/eab5b62c-10a6-440e-b88e-dc8e72b8cb05/reject/,CatchResponseError('Failed to reject: 429'),1
POST,/api/v1/cab/2772872a-7b7e-41b8-bd54-62ea855f3795/reject/,CatchResponseError('Failed to reject: 429'),1
POST,/api/v1/cab/819d8a44-a929-4414-98ca-c73f0eb08270/reject/,CatchResponseError('Failed to reject: 429'),1
POST,/api/v1/cab/9279e0eb-60ba-48a2-9db3-7b422bebf2a1/reject/,CatchResponseError('Failed to reject: 429'),1
POST,/api/v1/cab/c50bef8b-5545-4a08-842c-3216809e9d24/reject/,CatchResponseError('Failed to reject: 429'),1
POST,/api/v1/cab/45f39e69-176d-402c-b00f-a67bbfb9a9dc/reject/,CatchResponseError('Failed to reject: 429'),1
POST,/api/v1/cab/1f8622f8-5210-4e4e-8291-bb596c426b0b/reject/,CatchResponseError('Failed to reject: 429'),1
POST,/api/v1/cab/318cd43b-4934-47b2-a7de-4cb933bea336/reject/,CatchResponseError('Failed to reject: 429'),1
POST,/api/v1/cab/f2fae6d2-49d8-4938-a9f2-970bcbbbd330/reject/,CatchResponseError('Failed to reject: 429'),1
POST,/api/v1/cab/043c8a0a-46ce-4262-920e-7f25e5e82506/reject/,CatchResponseError('Failed to reject: 429'),1
POST,/api/v1/cab/b851cb2c-7673-442a-ab7d-3c9396ac5a83/reject/,CatchResponseError('Failed to reject: 429'),1
POST,/api/v1/cab/b9919d06-15f1-4f67-902b-303699412987/reject/,CatchResponseError('Failed to reject: 429'),1
POST,/api/v1/cab/6cf7c5cb-d0d4-4b0f-b9d3-3bbf3b87ea95/reject/,CatchResponseError('Failed to reject: 429'),1
POST,/api/v1/cab/bd9d5d99-0ea9-40d4-b3fb-25bef6a27b56/reject/,CatchResponseError('Failed to reject: 429'),1
POST,/api/v1/cab/7a4df201-e39a-474d-8ea2-4ca57ca944fb/reject/,CatchResponseError('Failed to reject: 429'),1
POST,/api/v1/cab/eec139e0-d790-4834-8609-15e50e7871c7/reject/,CatchResponseError('Failed to reject: 429'),1
POST,/api/v1/cab/d97f34c4-8c93-4938-afaa-9bf15885b8c0/reject/,CatchResponseError('Failed to reject: 429'),1
POST,/api/v1/cab/c9ef5f25-0e96-472b-bbe7-e8284bdc53f0/reject/,CatchResponseError('Failed to reject: 429'),1
POST,/api/v1/cab/35e1b431-0a4e-4ebf-9ce3-a6dce13d475e/reject/,CatchResponseError('Failed to reject: 429'),1
POST,/api/v1/cab/3c6fe2f4-5f75-461b-a9a2-ac9f54ef6cb9/reject/,CatchResponseError('Failed to reject: 429'),1
POST,/api/v1/cab/2a2248c9-f86b-468e-8e76-d0828a788fd4/reject/,CatchResponseError('Failed to reject: 429'),1
POST,/api/v1/cab/fbf4190c-e81e-4924-ba3c-ad557ddda527/reject/,CatchResponseError('Failed to reject: 429'),1
POST,/api/v1/cab/d0de3472-14bb-493b-a444-82706c8c7686/reject/,CatchResponseError('Failed to reject: 429'),1
POST,/api/v1/cab/4a860953-f0ef-4d0e-bfaf-bb7794050034/reject/,CatchResponseError('Failed to reject: 429'),1
POST,/api/v1/cab/049a97c1-c098-4e0b-9663-00bc98cfa456/reject/,CatchResponseError('Failed to reject: 429'),1
POST,/api/v1/cab/76cc5f90-6870-4b6f-937a-e25a401e4213/reject/,CatchResponseError('Failed to reject: 429'),1
POST,/api/v1/cab/763d26dd-f4f3-43f3-9521-3c1e4764d301/reject/,CatchResponseError('Failed to reject: 429'),1
POST,/api/v1/cab/67067aba-f17c-42cb-bb54-7c296a1289b7/reject/,CatchResponseError('Failed to reject: 429'),1
POST,/api/v1/cab/0fbf5742-5e03-4c04-ba87-cc1949647645/reject/,CatchResponseError('Failed to reject: 429'),1
POST,/api/v1/cab/2133b054-9cf3-4f1b-bd17-0df2d0c1f8b0/reject/,CatchResponseError('Failed to reject: 429'),1
POST,/api/v1/cab/f84d3a0a-0ca2-4b43-a14f-108beeab2537/reject/,CatchResponseError('Failed to reject: 429'),1
POST,/api/v1/cab/95f57534-06a0-4e94-9624-ee433ed9a36b/reject/,CatchResponseError('Failed to reject: 429'),1
POST,/api/v1/cab/2814e593-cc68-4ad8-aacb-6a0a8a45a646/reject/,CatchResponseError('Failed to reject: 429'),1
POST,/api/v1/cab/ea8a31fd-2a0a-4b07-9170-5c8c0034db3f/reject/,CatchResponseError('Failed to reject: 429'),1
POST,/api/v1/cab/e78809bd-2814-4625-b3ff-3b49481a5088/reject/,CatchResponseError('Failed to reject: 429'),1
POST,/api/v1/cab/74db3dbd-f25b-4a0e-9aa1-df5d038dec82/reject/,CatchResponseError('Failed to reject: 429'),1
POST,/api/v1/cab/2831d93a-3840-40e4-981f-bf3702bbac8d/reject/,CatchResponseError('Failed to reject: 429'),1
POST,/api/v1/cab/bc28401d-7825-435e-8d67-df61a172e49f/reject/,CatchResponseError('Failed to reject: 429'),1
POST,/api/v1/cab/75e64b0c-2568-4034-8b17-f3300c3f49b6/reject/,CatchResponseError('Failed to reject: 429'),1
POST,/api/v1/cab/6b1d67b4-64d1-4897-a076-7f4cbcbd2e52/reject/,CatchResponseError('Failed to reject: 429'),1
POST,/api/v1/cab/76b6a13b-da4f-40d0-97e3-04f250a7baae/reject/,CatchResponseError('Failed to reject: 429'),1
POST,/api/v1/cab/25cc2694-070f-48e7-927f-2910f913aa9e/reject/,CatchResponseError('Failed to reject: 429'),1
POST,/api/v1/cab/4a3e25b7-0792-4d93-b0be-cfa66816007f/reject/,CatchResponseError('Failed to reject: 429'),1
POST,/api/v1/cab/ce36cedb-ee6e-44b4-bf34-6c9e120d9424/reject/,CatchResponseError('Failed to reject: 429'),1
POST,/api/v1/cab/1ab1cf68-135c-4529-83d6-058c8afa4b89/reject/,CatchResponseError('Failed to reject: 429'),1
POST,/api/v1/cab/5e70db2d-f548-41a4-bce3-9f9825455fca/reject/,CatchResponseError('Failed to reject: 429'),1
POST,/api/v1/cab/fa3e0749-4d8e-4f65-ae11-94884bf9039b/reject/,CatchResponseError('Failed to reject: 429'),1
POST,/api/v1/cab/fef45968-9672-4165-ba9e-226063bb5f0f/reject/,CatchResponseError('Failed to reject: 429'),1
POST,/api/v1/cab/331af087-29aa-4feb-8600-fd1340529285/reject/,CatchResponseError('Failed to reject: 429'),1
POST,/api/v1/cab/1fee2ec4-b025-4ead-ac34-4b3f57a84fc7/reject/,CatchResponseError('Failed to reject: 429'),1
POST,/api/v1/cab/b5b36906-e346-48e0-90a7-4cd2fb010a50/reject/,CatchResponseError('Failed to reject: 429'),1
POST,/api/v1/cab/eac9f141-c006-40d5-936b-c6037578f68f/reject/,CatchResponseError('Failed to reject: 429'),1
POST,/api/v1/cab/6b19cadf-5047-4641-ba51-fc373f2e5f29/reject/,CatchResponseError('Failed to reject: 429'),1
POST,/api/v1/cab/9f4ef05d-442a-4a02-957e-bca304bdbd18/reject/,CatchResponseError('Failed to reject: 429'),1
POST,/api/v1/cab/4387d7e9-0708-4bbd-81b5-60dbfd9037fe/reject/,CatchResponseError('Failed to reject: 429'),1
POST,/api/v1/cab/ac581851-c2b6-4ffb-90e3-3788f57eec5b/reject/,CatchResponseError('Failed to reject: 429'),1
POST,/api/v1/cab/5ce37f29-24c6-43a1-9d59-1ae280a8b4b4/reject/,CatchResponseError('Failed to reject: 429'),1
POST,/api/v1/cab/08d67f9d-cdd5-4c5b-90f1-37b9f86a817f/reject/,CatchResponseError('Failed to reject: 429'),1
POST,/api/v1/cab/a6bbc001-3d1b-4a56-a9f9-f88060acc433/reject/,CatchResponseError('Failed to reject: 429'),1
POST,/api/v1/cab/0fc75e9c-c8a6-4bc7-bc07-560a4b75e90c/reject/,CatchResponseError('Failed to reject: 429'),1
POST,/api/v1/cab/9e57a586-2938-492c-9365-074b30c2246f/reject/,CatchResponseError('Failed to reject: 429'),1
POST,/api/v1/cab/d70c9de0-7827-46f7-9d9e-4b34f67b37d5/reject/,CatchResponseError('Failed to reject: 429'),1
POST,/api/v1/cab/6a633c03-a319-4777-8d44-a89ac77e1a4f/reject/,CatchResponseError('Failed to reject: 429'),1
POST,/api/v1/cab/5beb0604-23a8-4b0c-82c0-6e425a022cf0/reject/,CatchResponseError('Failed to reject: 429'),1
POST,/api/v1/cab/6fd45bf2-9aac-4e0a-8f74-3e9c9f947a0b/reject/,CatchResponseError('Failed to reject: 429'),1
POST,/api/v1/cab/8aab2eca-2de1-40fb-b780-5633b0e01248/reject/,CatchResponseError('Failed to reject: 429'),1
POST,/api/v1/cab/31d2b3ab-128e-47b3-890b-70e7b22ed392/reject/,CatchResponseError('Failed to reject: 429'),1
POST,/api/v1/cab/5d96e32f-bf56-45db-8277-f46b1f7e7e54/reject/,CatchResponseError('Failed to reject: 429'),1
POST,/api/v1/cab/a96a7724-aa39-45dd-b6c5-dd0b7318c128/reject/,CatchResponseError('Failed to reject: 429'),1
POST,/api/v1/cab/9c95e21a-9a23-422f-bc72-0b48c486fe5f/reject/,CatchResponseError('Failed to reject: 429'),1
POST,/api/v1/cab/1a80da21-3446-4711-a056-5d2a898e64e8/reject/,CatchResponseError('Failed to reject: 429'),1
POST,/api/v1/cab/e97d5fca-a106-498e-bff1-06122021f13c/reject/,CatchResponseError('Failed to reject: 429'),1
POST,/api/v1/cab/33b2d145-bfd0-47c1-b239-40390b05a68f/reject/,CatchResponseError('Failed to reject: 429'),1
POST,/api/v1/cab/3cc39d75-9447-41ba-bf24-1f9da5173b87/reject/,CatchResponseError('Failed to reject: 429'),1
POST,/api/v1/cab/1b4b4321-6b9a-49d0-9003-37fb5637c38a/reject/,CatchResponseError('Failed to reject: 429'),1
POST,/api/v1/cab/2a7b1b8d-b255-4ec7-861f-4466ca7ed9ed/reject/,CatchResponseError('Failed to reject: 429'),1
POST,/api/v1/cab/effa6059-9c6a-4b68-b075-df5d47d7f74d/reject/,CatchResponseError('Failed to reject: 429'),1
POST,/api/v1/cab/232404c4-77d5-45a2-b9ac-67f23e0117f4/reject/,CatchResponseError('Failed to reject: 429'),1
POST,/api/v1/cab/e8698b4c-cafc-475b-b2ff-189b2df14fc4/reject/,CatchResponseError('Failed to reject: 429'),1
POST,/api/v1/cab/e792c10a-2801-4d3e-80b7-70c9fb89825f/reject/,CatchResponseError('Failed to reject: 429'),1
POST,/api/v1/cab/c52246f5-01b0-4d9f-91ee-f4a924ddd641/reject/,CatchResponseError('Failed to reject: 429'),1
POST,/api/v1/cab/9f23e5d6-8304-4f61-81b8-2f935fe169c1/reject/,CatchResponseError('Failed to reject: 429'),1
POST,/api/v1/cab/8700c471-d977-480c-bbad-b525ff7bf8bc/reject/,CatchResponseError('Failed to reject: 429'),1
POST,/api/v1/cab/7ca3d129-208f-4858-a357-baf751058996/reject/,CatchResponseError('Failed to reject: 429'),1
POST,/api/v1/cab/e12a597d-7b6f-4014-968b-c61a533db7d9/reject/,CatchResponseError('Failed to reject: 429'),1
POST,/api/v1/cab/3b9685a0-f7a6-498d-817f-de005c3698e4/reject/,CatchResponseError('Failed to reject: 429'),1
POST,/api/v1/cab/fc61d2ce-8ee3-461a-bf66-eecd11ccee90/reject/,CatchResponseError('Failed to reject: 429'),1
POST,/api/v1/cab/7fd75bf2-e478-4758-a5de-96475d6aeb69/reject/,CatchResponseError('Failed to reject: 429'),1
POST,/api/v1/cab/a21fd101-ce1a-48ae-95f4-68e1f08665d8/reject/,CatchResponseError('Failed to reject: 429'),1
POST,/api/v1/cab/40e8f8ef-2659-42dc-9d84-a82dcdee0b61/reject/,CatchResponseError('Failed to reject: 429'),1
POST,/api/v1/cab/f0e21601-d15d-4486-b07f-f5468a8dcc2b/reject/,CatchResponseError('Failed to reject: 429'),1
POST,/api/v1/cab/7df9dcd7-a66f-413d-9300-5d1d872b1367/reject/,CatchResponseError('Failed to reject: 429'),1
POST,/api/v1/cab/ec6ca6dc-b6f9-49fb-80ab-04c725dfad8e/reject/,CatchResponseError('Failed to reject: 429'),1
POST,/api/v1/cab/4e720cb6-eb12-4222-92c5-df3b46b6c5e4/reject/,CatchResponseError('Failed to reject: 429'),1
POST,/api/v1/deployments/,CatchResponseError('Burst create failed: 403'),23585
POST,/api/v1/cab/91f98dcd-f0be-4c7c-998a-4ac45d22f521/reject/,CatchResponseError('Failed to reject: 429'),1
POST,/api/v1/cab/aef205a9-b9e2-43c6-9c74-2319649efe69/reject/,CatchResponseError('Failed to reject: 429'),1
POST,/api/v1/cab/1019061b-8fee-4523-8e60-0b4d297d6780/reject/,CatchResponseError('Failed to reject: 429'),1
POST,/api/v1/cab/da5e100e-88d8-48a9-b098-032c22ca81aa/reject/,CatchResponseError('Failed to reject: 429'),1
POST,/api/v1/cab/4b5b52d9-d265-46e1-b380-7ca61e79a489/reject/,CatchResponseError('Failed to reject: 429'),1
POST,/api/v1/cab/b87bfdad-ac7d-4407-9a21-ff757bc20af6/reject/,CatchResponseError('Failed to reject: 429'),1
POST,/api/v1/cab/bd3729f3-4ad1-4fda-8da8-90387e43e3c6/reject/,CatchResponseError('Failed to reject: 429'),1
POST,/api/v1/cab/cbb7ce5c-36d9-429d-8ddb-bd33a94070f3/reject/,CatchResponseError('Failed to reject: 429'),1
POST,/api/v1/cab/832bfc7f-94cf-407d-b080-7606b7ba34cc/reject/,CatchResponseError('Failed to reject: 429'),1
POST,/api/v1/cab/ec55e7f4-7ea9-4be3-80b1-acccfea4091b/reject/,CatchResponseError('Failed to reject: 429'),1
POST,/api/v1/cab/f5f76221-4c17-4929-a00b-a6fbfa2c67b3/reject/,CatchResponseError('Failed to reject: 429'),1
POST,/api/v1/cab/d61066c3-17aa-4ae9-919e-2300285fd090/reject/,CatchResponseError('Failed to reject: 429'),1
POST,/api/v1/cab/786de1ff-c095-4832-9fec-c513725bec29/reject/,CatchResponseError('Failed to reject: 429'),1
POST,/api/v1/cab/3470d67a-adf7-4a47-96f1-66ce8983cff4/reject/,CatchResponseError('Failed to reject: 429'),1
POST,/api/v1/cab/51517295-64de-489c-b530-65bc6e3173d3/reject/,CatchResponseError('Failed to reject: 429'),1
POST,/api/v1/cab/0c41ad82-7e8f-4828-a781-9d3c67e66907/reject/,CatchResponseError('Failed to reject: 429'),1
POST,/api/v1/cab/f132d2dd-a6e7-4796-b2d4-49737b1a6b57/reject/,CatchResponseError('Failed to reject: 429'),1
POST,/api/v1/cab/dd52fe61-37f6-47e1-9be1-ef56f21f652e/reject/,CatchResponseError('Failed to reject: 429'),1
POST,/api/v1/cab/a2e34427-8e97-4dac-a5c9-a8cf0302f6a5/reject/,CatchResponseError('Failed to reject: 429'),1
POST,/api/v1/cab/a282ec49-e641-4c54-951f-71f7d5fff061/reject/,CatchResponseError('Failed to reject: 429'),1
POST,/api/v1/cab/1d7d18c5-1ad1-4a48-b110-9690ea15e775/reject/,CatchResponseError('Failed to reject: 429'),1
POST,/api/v1/cab/86318fa4-6496-4857-a3a9-57fe38540208/reject/,CatchResponseError('Failed to reject: 429'),1
POST,/api/v1/cab/213c9a1b-0a05-478d-85f5-d6fdb2815310/reject/,CatchResponseError('Failed to reject: 429'),1
POST,/api/v1/cab/63860ee8-2c64-47ab-ad1d-083f73f2cdd4/reject/,CatchResponseError('Failed to reject: 429'),1
POST,/api/v1/cab/23b8ca17-d021-465a-8e77-97a751fa42d9/reject/,CatchResponseError('Failed to reject: 429'),1
POST,/api/v1/cab/a1c92d24-c1b2-4c01-9eda-e0835cfe6808/reject/,CatchResponseError('Failed to reject: 429'),1
POST,/api/v1/cab/39ccb670-aec1-4e15-8920-a54c94c7855e/reject/,CatchResponseError('Failed to reject: 429'),1
GET,/api/v1/cab/pending/?limit=100,CatchResponseError('Failed to list approvals: 429'),1031
POST,/api/v1/cab/970c9431-1063-4269-9865-06d8a349e46c/reject/,CatchResponseError('Failed to reject: 429'),1
POST,/api/v1/cab/bbde75ec-84bf-4841-b633-b9ae98281f0b/reject/,CatchResponseError('Failed to reject: 429'),1
POST,/api/v1/cab/a3cae63f-8d80-4303-834c-7b312084fe59/reject/,CatchResponseError('Failed to reject: 429'),1
POST,/api/v1/cab/c4cba259-3e7d-4c38-8f2f-6a9a2e7f6138/reject/,CatchResponseError('Failed to reject: 429'),1
POST,/api/v1/cab/951c8381-a920-4649-bfe0-3092cc6ab0d4/reject/,CatchResponseError('Failed to reject: 429'),1
POST,/api/v1/cab/a7b83bcc-ded9-4bae-a4cb-d23dce9c1777/reject/,CatchResponseError('Failed to reject: 429'),1
POST,/api/v1/cab/bbae27fe-1d7e-4788-a972-43be889f9c53/reject/,CatchResponseError('Failed to reject: 429'),1
POST,/api/v1/cab/fce08381-5068-45ff-9fe5-2da205ced283/reject/,CatchResponseError('Failed to reject: 429'),1
POST,/api/v1/cab/671f4f8c-34c8-430e-9396-48486234e445/reject/,CatchResponseError('Failed to reject: 429'),1
POST,/api/v1/cab/ccabda49-1bcb-4a39-a95c-b7adffbe2a36/reject/,CatchResponseError('Failed to reject: 429'),1
POST,/api/v1/cab/8a5c0efd-29c3-4300-aa98-d4f31fb41c43/reject/,CatchResponseError('Failed to reject: 429'),1
POST,/api/v1/cab/4b52a2ae-9461-4d9a-8a5e-dabb376868b9/reject/,CatchResponseError('Failed to reject: 429'),1
POST,/api/v1/cab/c56e3109-c345-47e2-a42e-112279ed39b4/reject/,CatchResponseError('Failed to reject: 429'),1
POST,/api/v1/cab/fe2f116d-cc28-4490-b28b-0ff17afec31c/reject/,CatchResponseError('Failed to reject: 429'),1
POST,/api/v1/cab/65310bbb-33ba-4594-95f2-f183f6250bf8/reject/,CatchResponseError('Failed to reject: 429'),1
POST,/api/v1/cab/6754a0a2-28f8-4c64-b7bb-9ff2048ef5ba/reject/,CatchResponseError('Failed to reject: 429'),1
POST,/api/v1/cab/506f1825-de66-4df3-bc64-e8178c54bc28/reject/,CatchResponseError('Failed to reject: 429'),1
POST,/api/v1/cab/1fff8b8c-cca5-446d-8e83-6b4bb871581b/reject/,CatchResponseError('Failed to reject: 429'),1
POST,/api/v1/cab/b6042769-183e-4833-9a6e-128d1acf4035/reject/,CatchResponseError('Failed to reject: 429'),1
POST,/api/v1/cab/03562f4c-92e0-420c-b864-dfc5bff3ded7/reject/,CatchResponseError('Failed to reject: 429'),1
POST,/api/v1/cab/6f04804c-7928-48c9-87ff-76780176bd8b/reject/,CatchResponseError('Failed to reject: 429'),1
POST,/api/v1/cab/a3d16cd3-3ed2-46b0-b2d0-b3f5eb9ba605/reject/,CatchResponseError('Failed to reject: 429'),1
POST,/api/v1/cab/4ce84013-93b7-41f6-96fe-97116418b093/reject/,CatchResponseError('Failed to reject: 429'),1
POST,/api/v1/cab/483bee6e-b31d-409e-a095-a8fa67936777/reject/,CatchResponseError('Failed to reject: 429'),1
POST,/api/v1/cab/a32f2b6c-cec1-4fbc-8ec4-97352f312c67/reject/,CatchResponseError('Failed to reject: 429'),1
POST,/api/v1/cab/d28ed3e1-c838-43f6-8bd3-23787a7c20d5/reject/,CatchResponseError('Failed to reject: 429'),1
POST,/api/v1/cab/8b0f6542-33df-4f0c-9aac-2a34785743bb/reject/,CatchResponseError('Failed to reject: 429'),1
POST,/api/v1/cab/62886197-e413-43f6-aaf4-dfa50203acf8/reject/,CatchResponseError('Failed to reject: 429'),1
POST,/api/v1/cab/b53c18d0-03eb-4b62-8dc6-a3dcd22c365e/reject/,CatchResponseError('Failed to reject: 429'),1
POST,/api/v1/cab/c85fc209-a87c-42be-a8c2-ef71875d2648/reject/,CatchResponseError('Failed to reject: 429'),1
POST,/api/v1/cab/49a85c26-9cc2-47a0-a0a8-7cf3b58b90c6/reject/,CatchResponseError('Failed to reject: 429'),1
POST,/api/v1/cab/a7626240-4bc8-45ae-9d94-c413dd5bc848/reject/,CatchResponseError('Failed to reject: 429'),1
POST,/api/v1/cab/c75c54e9-f429-46be-9074-aabe7ff8e095/reject/,CatchResponseError('Failed to reject: 429'),1
POST,/api/v1/cab/e7cfc3b3-9e1c-4289-937b-5df6f7256bef/reject/,CatchResponseError('Failed to reject: 429'),1
POST,/api/v1/cab/5f039953-b80b-4ce1-90d0-26a0d0314290/reject/,CatchResponseError('Failed to reject: 429'),1
POST,/api/v1/cab/393c99dd-c4e3-4a5e-90e1-0b55cbe05e88/reject/,CatchResponseError('Failed to reject: 429'),1
POST,/api/v1/cab/b0debecf-0515-443d-a66d-385ca820f921/reject/,CatchResponseError('Failed to reject: 429'),1
POST,/api/v1/cab/c64eaba4-969e-4f43-83e1-1c8e7035161b/reject/,CatchResponseError('Failed to reject: 429'),1
POST,/api/v1/cab/811d53cb-ddbc-4818-9a91-2ec6b20e9de4/reject/,CatchResponseError('Failed to reject: 429'),1
POST,/api/v1/cab/0263bd86-4a1e-4efe-993f-64571bac6608/reject/,CatchResponseError('Failed to reject: 429'),1
POST,/api/v1/cab/07270ece-48d0-4afa-bab0-2ea9b4620146/reject/,CatchResponseError('Failed to reject: 429'),1
POST,/api/v1/cab/d483f676-f3ef-408e-bce7-81d68945e286/reject/,CatchResponseError('Failed to reject: 429'),1
POST,/api/v1/cab/6e412009-e090-41d4-bc61-3c5689811bcd/reject/,CatchResponseError('Failed to reject: 429'),1
POST,/api/v1/cab/b4a28e07-26e8-4719-a5f6-7a5c42f222ba/reject/,CatchResponseError('Failed to reject: 429'),1
POST,/api/v1/cab/453f7683-05b7-4d4c-9f1c-a7b53bb88e47/reject/,CatchResponseError('Failed to reject: 429'),1
POST,/api/v1/cab/69575a72-8ee5-4e8d-9d19-9bd0dc641f19/reject/,CatchResponseError('Failed to reject: 429'),1
POST,/api/v1/cab/52e8aa8d-5330-4db3-8570-3a3ce9c8eb70/reject/,CatchResponseError('Failed to reject: 429'),1
POST,/api/v1/cab/c8cf569d-4be1-4957-9394-3a7be2a55bbf/reject/,CatchResponseError('Failed to reject: 429'),1
POST,/api/v1/cab/50dd13e3-8005-46f0-836e-925590d03247/reject/,CatchResponseError('Failed to reject: 429'),1
POST,/api/v1/cab/c53d5afc-26ad-4cbc-85c4-110c80829979/reject/,CatchResponseError('Failed to reject: 429'),1
POST,/api/v1/cab/6a8bebbc-e86f-4c48-8047-65ec172e8a4c/reject/,CatchResponseError('Failed to reject: 429'),1
POST,/api/v1/cab/ed7d3c5b-56c0-48bf-9b73-d48e87b551bd/reject/,CatchResponseError('Failed to reject: 429'),1
POST,/api/v1/cab/709bb003-5961-4e61-936d-8c1bda7414dd/reject/,CatchResponseError('Failed to reject: 429'),1
POST,/api/v1/cab/2c29a539-e3b8-4ed8-82be-3a1b98173c55/reject/,CatchResponseError('Failed to reject: 429'),1
POST,/api/v1/cab/8c333998-01d1-46dc-bad7-38645c9dc754/reject/,CatchResponseError('Failed to reject: 429'),1
POST,/api/v1/cab/cb22c254-ad31-4cc9-906e-0f6182721049/reject/,CatchResponseError('Failed to reject: 429'),1
POST,/api/v1/cab/9f64deab-d463-4fc3-9178-404d987859d5/reject/,CatchResponseError('Failed to reject: 429'),1
POST,/api/v1/cab/d5d95b61-8d28-4b52-af33-1f56ad60fabe/reject/,CatchResponseError('Failed to reject: 429'),1
POST,/api/v1/cab/5cfda5dd-9618-4a0e-9af3-b2ae4d6d1c32/reject/,CatchResponseError('Failed to reject: 429'),1
POST,/api/v1/cab/22ac5bb9-18f7-481f-8537-431b314f88ca/reject/,CatchResponseError('Failed to reject: 429'),1
POST,/api/v1/cab/3b1edb69-bc2b-492b-90fd-c91d72cbc0a4/reject/,CatchResponseError('Failed to reject: 429'),1
POST,/api/v1/cab/0e6fbf96-9c8c-4c8f-80e5-c2af7c77e08c/reject/,CatchResponseError('Failed to reject: 429'),1
POST,/api/v1/cab/0665740b-41f2-491e-aa7d-fa59bbfdf871/reject/,CatchResponseError('Failed to reject: 429'),1
POST,/api/v1/cab/9866ffab-22f4-421e-97c7-328e7216822d/reject/,CatchResponseError('Failed to reject: 429'),1
POST,/api/v1/cab/28aa493f-3dfe-4d1b-a1e9-f47a72568f60/reject/,CatchResponseError('Failed to reject: 429'),1
POST,/api/v1/cab/d31fc69b-f8da-4599-858b-f169c68f719d/reject/,CatchResponseError('Failed to reject: 429'),1
POST,/api/v1/cab/259083bf-8b6d-4404-bfaf-5d67b46a9db8/reject/,CatchResponseError('Failed to reject: 429'),1
POST,/api/v1/cab/0a31950c-f364-4fb1-a981-a25266d47016/reject/,CatchResponseError('Failed to reject: 429'),1
POST,/api/v1/cab/92bc921a-8a3e-46a1-af53-e9a016a617cf/reject/,CatchResponseError('Failed to reject: 429'),1
POST,/api/v1/cab/b318467f-bf50-4591-9592-d3e3cffcc185/reject/,CatchResponseError('Failed to reject: 429'),1
POST,/api/v1/cab/98e5bbaf-626d-45d2-b8d0-137ce24d3f76/reject/,CatchResponseError('Failed to reject: 429'),1
POST,/api/v1/cab/715e4b82-1494-4b23-a9f4-3b099e2a9f89/reject/,CatchResponseError('Failed to reject: 429'),1
POST,/api/v1/cab/b8fc8e26-8c22-45d7-a45e-443a008505cc/reject/,CatchResponseError('Failed to reject: 429'),1
POST,/api/v1/cab/69fd40d5-680b-4e60-be18-ea77f676eb37/reject/,CatchResponseError('Failed to reject: 429'),1
POST,/api/v1/cab/a9b231dc-bb27-4388-894a-adfe523ce895/reject/,CatchResponseError('Failed to reject: 429'),1
POST,/api/v1/cab/590e2eba-cf42-4b0e-b003-5fb63eb018c5/reject/,CatchResponseError('Failed to reject: 429'),1
POST,/api/v1/cab/8beacb88-c1a4-476c-8662-4e1a2559ff3c/reject/,CatchResponseError('Failed to reject: 429'),1
POST,/api/v1/cab/541162e5-8e6c-464e-802a-df1dded18b38/reject/,CatchResponseError('Failed to reject: 429'),1
POST,/api/v1/cab/6f0a730a-360e-460a-bc3b-7d7127e0df7b/reject/,CatchResponseError('Failed to reject: 429'),1
POST,/api/v1/cab/9e68ebea-30d3-4e7f-9aee-b7f9bce71ed4/reject/,CatchResponseError('Failed to reject: 429'),1
POST,/api/v1/cab/4cebb1d3-47cc-43fc-a6b7-68b431942a15/reject/,CatchResponseError('Failed to reject: 429'),1
